IdVenta,Fecha,Fecha_Entrega,IdCanal,IdCliente,IdSucursal,IdEmpleado,IdProducto,Precio,Cantidad
47612,2020-12-01,2020-12-08,1,1667,13,1674,42945,3210.0,3.0
47613,2020-12-01,2020-12-09,2,979,1,1517,42988,598.0,2.0
47614,2020-12-01,2020-12-04,2,708,1,1056,42883,498.0,2.0
47615,2020-12-01,2020-12-05,2,640,1,1674,42922,741.0,2.0
47616,2020-12-01,2020-12-07,1,524,14,1076,42933,1154.0,1.0
47617,2020-12-01,2020-12-10,2,535,14,1816,42782,3373.92,1.0
47618,2020-12-01,2020-12-11,3,1099,14,1291,42930,156.0,1.0
47619,2020-12-01,2020-12-10,2,1605,2,1368,42758,1819.18,2.0
47620,2020-12-01,2020-12-04,2,1064,3,1168,42847,2846.58,3.0
47621,2020-12-01,2020-12-03,2,1849,4,1293,42883,498.0,2.0
47622,2020-12-01,2020-12-06,2,455,4,1360,42954,2554.0,20.0
47623,2020-12-01,2020-12-09,2,2863,6,1725,42818,1907.62,1.0
47624,2020-12-01,2020-12-09,2,1984,6,1426,42799,1536.04,2.0
47625,2020-12-01,2020-12-04,2,1156,16,1334,42960,4125.0,2.0
47626,2020-12-01,2020-12-09,2,1187,16,1302,42882,498.0,2.0
47627,2020-12-01,2020-12-04,2,1487,7,1975,42769,3039.08,2.0
47628,2020-12-01,2020-12-05,2,2933,16,1334,42816,1254.88,2.0
47629,2020-12-01,2020-12-08,1,1815,7,1966,42993,507.0,2.0
47630,2020-12-01,2020-12-07,2,857,7,1354,42824,584.76,1.0
47631,2020-12-01,2020-12-10,1,916,7,1354,42964,2824.0,1.0
47632,2020-12-01,2020-12-10,1,1489,8,1427,42977,111.0,3.0
47633,2020-12-01,2020-12-11,2,3014,8,2806,42817,813.12,1.0
47634,2020-12-01,2020-12-04,2,2978,12,2786,43021,435.0,3.0
47635,2020-12-01,2020-12-03,2,32,17,3167,42766,7011.62,2.0
47636,2020-12-01,2020-12-06,2,2704,17,3558,42845,823.24,2.0
47637,2020-12-01,2020-12-09,2,1856,18,3421,42968,3445.0,3.0
47638,2020-12-01,2020-12-09,2,282,20,3141,42982,13.0,2.0
47639,2020-12-01,2020-12-04,2,1442,21,3363,42852,152.0,2.0
47640,2020-12-01,2020-12-09,2,1437,21,3849,42867,199.0,2.0
47641,2020-12-01,2020-12-08,2,681,22,3576,42893,515.0,2.0
47642,2020-12-01,2020-12-07,2,1266,22,3576,43007,407.0,1.0
47643,2020-12-01,2020-12-10,2,122,23,3700,42881,498.0,3.0
47644,2020-12-01,2020-12-10,1,3278,23,3054,42844,1810.38,2.0
47645,2020-12-01,2020-12-03,2,1520,27,3175,42856,481.0,1.0
47646,2020-12-01,2020-12-03,2,1160,27,3175,42960,4125.0,2.0
47647,2020-12-01,2020-12-06,1,3358,27,3929,43031,1191.0,2.0
47648,2020-12-01,2020-12-09,2,611,29,3076,42871,560.0,3.0
47649,2020-12-01,2020-12-09,3,1613,30,3346,42985,1456.0,1.0
47650,2020-12-01,2020-12-09,2,1193,30,3864,42881,498.0,2.0
47675,2020-12-02,2020-12-10,1,951,13,1674,43027,461.0,2.0
47676,2020-12-02,2020-12-05,2,1694,13,1330,42922,741.0,2.0
47678,2020-12-02,2020-12-09,2,331,1,1285,42855,1130.0,2.0
47679,2020-12-02,2020-12-08,2,765,1,1285,42969,3839.0,1.0
47680,2020-12-02,2020-12-11,1,1058,1,1284,42826,537.24,1.0
47681,2020-12-02,2020-12-11,2,54,14,1076,42839,353.32,3.0
47682,2020-12-02,2020-12-12,2,2946,14,1076,42962,2241.0,1.0
47683,2020-12-02,2020-12-11,2,1258,14,1154,42988,598.0,2.0
47684,2020-12-02,2020-12-04,2,2030,3,1815,42810,1282.82,1.0
47685,2020-12-02,2020-12-04,2,567,3,1815,42914,1489.0,2.0
47686,2020-12-02,2020-12-10,1,1593,4,1510,42829,906.18,3.0
47687,2020-12-02,2020-12-10,2,3403,5,1572,42850,279.0,1.0
47688,2020-12-02,2020-12-10,2,441,5,1758,42839,353.32,2.0
47689,2020-12-02,2020-12-09,1,2788,5,1557,42872,560.0,3.0
47690,2020-12-02,2020-12-05,2,1534,6,1967,42989,413.0,2.0
47691,2020-12-02,2020-12-10,2,1655,6,1962,42911,1789.0,2.0
47692,2020-12-02,2020-12-05,2,1244,6,1426,42798,1556.28,2.0
47693,2020-12-02,2020-12-09,2,877,16,1518,43026,530.0,2.0
47694,2020-12-02,2020-12-11,2,403,16,1331,43001,625.0,1.0
47695,2020-12-02,2020-12-11,2,651,7,1966,43014,502.0,3.0
47696,2020-12-02,2020-12-12,2,1915,7,1353,42947,2974.0,1.0
47697,2020-12-02,2020-12-11,2,3217,8,1370,42973,123.0,2.0
47698,2020-12-02,2020-12-04,1,1095,12,2614,42985,1456.0,1.0
47699,2020-12-02,2020-12-04,2,1391,12,2599,42798,1556.28,2.0
47700,2020-12-02,2020-12-10,2,798,18,3850,42838,897.38,1.0
47701,2020-12-02,2020-12-10,2,1011,18,3859,43017,358.0,2.0
47702,2020-12-02,2020-12-05,3,1493,20,3141,42887,498.0,2.0
47703,2020-12-02,2020-12-05,2,3032,20,3141,42991,438.0,2.0
47704,2020-12-02,2020-12-06,3,1154,20,3186,42840,353.32,2.0
47706,2020-12-02,2020-12-11,2,2958,20,3082,42899,199.0,1.0
47707,2020-12-02,2020-12-11,2,921,22,3576,42912,1654.0,3.0
47708,2020-12-02,2020-12-12,2,560,22,3643,42845,823.24,1.0
47709,2020-12-02,2020-12-04,2,653,26,3812,42887,498.0,1.0
47710,2020-12-02,2020-12-04,2,2884,26,3812,42991,438.0,2.0
47711,2020-12-02,2020-12-10,2,2656,26,3230,42906,321.0,3.0
47712,2020-12-02,2020-12-10,2,295,29,3076,43020,562.0,1.0
47713,2020-12-02,2020-12-10,2,1861,29,3578,42916,1356.0,2.0
47714,2020-12-02,2020-12-09,2,290,29,3022,43042,1121.0,3.0
47715,2020-12-02,2020-12-06,2,1440,30,3734,43027,461.0,2.0
47716,2020-12-02,2020-12-09,2,2723,31,3613,42828,906.18,2.0
47717,2020-12-02,2020-12-08,2,3222,31,3613,42942,2749.0,1.0
47738,2020-12-03,2020-12-12,2,1812,1,1285,42883,498.0,3.0
47739,2020-12-03,2020-12-13,1,785,1,1285,43006,519.0,1.0
47740,2020-12-03,2020-12-12,2,2845,1,1517,43032,953.0,2.0
47741,2020-12-03,2020-12-06,2,2937,15,1011,42923,753.0,3.0
47742,2020-12-03,2020-12-05,3,997,3,1724,42851,137.0,1.0
47743,2020-12-03,2020-12-08,3,2918,15,1907,43030,1175.0,2.0
47744,2020-12-03,2020-12-11,3,2194,3,1012,42894,515.0,1.0
47745,2020-12-03,2020-12-11,2,934,4,1333,42883,498.0,2.0
47746,2020-12-03,2020-12-10,2,3322,4,1556,42916,1356.0,3.0
47747,2020-12-03,2020-12-06,1,439,5,1169,43033,1182.0,2.0
47748,2020-12-03,2020-12-11,1,234,5,1557,42955,2366.0,2.0
47749,2020-12-03,2020-12-06,2,2850,5,1758,42850,279.0,2.0
47750,2020-12-03,2020-12-07,1,2308,6,1793,42982,13.0,2.0
47751,2020-12-03,2020-12-09,3,1488,6,1725,42900,245.0,1.0
47752,2020-12-03,2020-12-12,2,2838,6,1725,43040,757.0,1.0
47753,2020-12-03,2020-12-12,2,1202,16,1331,42762,2106.06,3.0
47754,2020-12-03,2020-12-12,1,1941,7,1054,43016,454.0,2.0
47755,2020-12-03,2020-12-06,2,2065,10,2157,42907,456.0,3.0
47756,2020-12-03,2020-12-05,2,773,11,2063,43025,550.0,1.0
47757,2020-12-03,2020-12-11,2,1418,17,3681,42882,498.0,1.0
47758,2020-12-03,2020-12-11,2,1616,17,3619,42770,3597.22,2.0
47759,2020-12-03,2020-12-10,3,442,17,3558,42904,135.0,3.0
47760,2020-12-03,2020-12-06,2,2662,18,3859,42928,123.0,20.0
47761,2020-12-03,2020-12-11,1,2758,18,3664,42850,279.0,2.0
47762,2020-12-03,2020-12-07,2,1531,19,3390,42881,498.0,2.0
47763,2020-12-03,2020-12-09,2,2899,19,3195,42791,258.28,1.0
47764,2020-12-03,2020-12-12,2,3333,19,3195,42939,2915.0,1.0
47765,2020-12-03,2020-12-12,2,2806,20,3752,42952,3978.0,3.0
47766,2020-12-03,2020-12-13,2,1496,21,3303,42885,498.0,1.0
47767,2020-12-03,2020-12-12,2,804,21,3849,42911,1789.0,2.0
47768,2020-12-03,2020-12-06,1,1781,24,3047,42794,305.36,3.0
47769,2020-12-03,2020-12-05,1,547,25,3622,42920,789.0,1.0
47770,2020-12-03,2020-12-05,2,3095,25,3622,43024,508.0,2.0
47771,2020-12-03,2020-12-08,1,281,25,3728,42905,456.0,2.0
47772,2020-12-03,2020-12-11,2,29,26,3671,42761,1384.46,1.0
47773,2020-12-03,2020-12-11,2,2494,26,3875,42948,2786.0,2.0
47774,2020-12-03,2020-12-10,2,1012,27,3175,42783,2452.34,3.0
47775,2020-12-03,2020-12-06,2,3161,29,3578,42815,599.5,2.0
47776,2020-12-03,2020-12-07,3,1475,29,3371,42764,1385.78,2.0
47777,2020-12-03,2020-12-10,1,3230,29,3836,42856,481.0,2.0
47778,2020-12-03,2020-12-12,2,176,30,3600,42924,625.0,1.0
47801,2020-12-04,2020-12-08,2,119,1,1695,42863,398.0,3.0
47802,2020-12-04,2020-12-13,2,1856,1,1725,42982,13.0,2.0
47803,2020-12-04,2020-12-12,2,2015,1,1968,42818,1907.62,1.0
47804,2020-12-04,2020-12-05,2,992,14,1076,42756,638.66,2.0
47805,2020-12-04,2020-12-06,2,1714,14,1816,42794,305.36,2.0
47806,2020-12-04,2020-12-13,2,599,4,1293,42856,481.0,1.0
47807,2020-12-04,2020-12-11,2,1861,5,1310,42851,137.0,3.0
47808,2020-12-04,2020-12-13,2,2057,6,1793,42778,2807.64,3.0
47809,2020-12-04,2020-12-11,2,1314,6,1725,42882,498.0,3.0
47810,2020-12-04,2020-12-13,2,62,5,1041,43018,437.0,3.0
47811,2020-12-04,2020-12-08,3,2651,16,1518,42761,1384.46,3.0
47812,2020-12-04,2020-12-13,2,611,7,1055,42888,498.0,2.0
47813,2020-12-04,2020-12-12,2,1688,7,1054,43007,407.0,1.0
47814,2020-12-04,2020-12-05,2,702,7,1966,42953,3620.0,2.0
47815,2020-12-04,2020-12-06,3,154,7,1354,42991,438.0,2.0
47816,2020-12-04,2020-12-07,2,1299,7,1369,42931,324.0,1.0
47817,2020-12-04,2020-12-13,2,674,17,3558,43042,1121.0,1.0
47818,2020-12-04,2020-12-11,2,2957,18,3421,43037,1137.0,3.0
47819,2020-12-04,2020-12-13,2,1276,19,3685,42972,2741.0,3.0
47820,2020-12-04,2020-12-11,2,1831,19,3195,42777,2557.5,3.0
47821,2020-12-04,2020-12-13,2,891,19,3365,42921,756.0,3.0
47822,2020-12-04,2020-12-08,2,3350,20,3186,42955,2366.0,3.0
47823,2020-12-04,2020-12-12,2,1082,21,3849,42914,1489.0,1.0
47824,2020-12-04,2020-12-05,2,10,22,3576,42860,587.0,2.0
47825,2020-12-04,2020-12-06,2,2959,22,3430,42898,515.0,2.0
47826,2020-12-04,2020-12-07,2,1649,23,3876,42838,897.38,1.0
47827,2020-12-04,2020-12-07,2,3122,24,3595,42842,353.32,3.0
47828,2020-12-04,2020-12-13,1,2645,27,3175,42945,3210.0,1.0
47829,2020-12-04,2020-12-13,1,1708,29,3875,42879,560.0,3.0
47830,2020-12-04,2020-12-08,1,722,31,3842,43001,625.0,3.0
47832,2020-12-05,2020-12-13,2,494,13,1078,42896,515.0,1.0
47833,2020-12-05,2020-12-06,2,526,1,1285,42842,353.32,20.0
47834,2020-12-05,2020-12-07,2,1458,1,1284,42880,560.0,2.0
47835,2020-12-05,2020-12-08,2,1090,1,1284,43010,387.0,1.0
47836,2020-12-05,2020-12-08,1,301,14,1931,43014,502.0,3.0
47837,2020-12-05,2020-12-14,2,389,3,1815,42927,91.0,1.0
47838,2020-12-05,2020-12-07,2,2855,3,1815,42791,258.28,2.0
47839,2020-12-05,2020-12-14,2,124,4,1293,42857,542.0,3.0
47840,2020-12-05,2020-12-12,1,1684,4,1510,42860,587.0,3.0
47841,2020-12-05,2020-12-14,2,387,4,1360,42798,1556.28,3.0
47842,2020-12-05,2020-12-14,2,2653,6,1969,42870,178.0,2.0
47843,2020-12-05,2020-12-13,2,782,16,1922,42791,258.28,1.0
47844,2020-12-05,2020-12-06,1,905,16,1518,43028,942.0,2.0
47845,2020-12-05,2020-12-08,2,1093,7,1055,43010,387.0,1.0
47846,2020-12-05,2020-12-14,2,952,17,3111,43016,454.0,3.0
47847,2020-12-05,2020-12-13,2,810,20,3800,43013,354.0,1.0
47848,2020-12-05,2020-12-07,2,3280,20,3082,43000,374.0,2.0
47849,2020-12-05,2020-12-08,2,1392,21,3339,42940,2162.0,1.0
47850,2020-12-05,2020-12-07,2,609,26,3822,43020,562.0,2.0
47851,2020-12-05,2020-12-14,3,1383,27,3175,42985,1456.0,3.0
47852,2020-12-05,2020-12-12,2,2428,27,3796,42790,762.96,3.0
47853,2020-12-05,2020-12-14,2,2715,27,3929,42934,1789.0,3.0
47855,2020-12-05,2020-12-14,2,400,31,3205,42897,515.0,2.0
47856,2020-12-05,2020-12-13,1,2873,30,3734,42923,753.0,1.0
47857,2020-12-05,2020-12-07,2,1582,31,3032,42830,486.42,2.0
47863,2020-12-07,2020-12-16,2,1424,13,1330,42758,1819.18,3.0
47864,2020-12-07,2020-12-13,2,1066,1,1977,42974,214.0,2.0
47865,2020-12-07,2020-12-13,3,289,14,1978,42850,279.0,1.0
47866,2020-12-07,2020-12-10,3,928,2,1079,43009,563.0,3.0
47867,2020-12-07,2020-12-16,2,289,2,1960,42936,3549.0,2.0
47868,2020-12-07,2020-12-13,1,378,15,1558,42939,2915.0,3.0
47869,2020-12-07,2020-12-13,2,919,3,1724,42901,196.0,2.0
47870,2020-12-07,2020-12-16,2,57,6,1967,42968,3445.0,3.0
47871,2020-12-07,2020-12-11,1,1473,10,2411,42787,1366.42,2.0
47872,2020-12-07,2020-12-13,2,918,10,2157,42869,199.0,3.0
47873,2020-12-07,2020-12-16,2,1154,11,2191,43043,1159.0,2.0
47874,2020-12-07,2020-12-15,3,1730,12,2589,42894,515.0,2.0
47875,2020-12-07,2020-12-10,2,3189,24,3751,42957,2789.0,3.0
47876,2020-12-07,2020-12-11,2,111,24,3816,43003,442.0,2.0
47877,2020-12-07,2020-12-13,1,2712,24,3047,42786,795.74,3.0
47878,2020-12-07,2020-12-16,2,1440,25,3728,42968,344500.0,2.0
47879,2020-12-07,2020-12-15,3,2854,26,3975,42819,860.42,2.0
47894,2020-12-08,2020-12-14,2,1509,13,1573,42814,369.82,2.0
47895,2020-12-08,2020-12-14,2,2456,1,1725,42973,123.0,1.0
47896,2020-12-08,2020-12-11,2,475,14,1428,42849,1542.0,3.0
47897,2020-12-08,2020-12-17,2,2456,14,1530,42768,1923.68,2.0
47898,2020-12-08,2020-12-12,3,1810,2,1290,42984,258.0,2.0
47899,2020-12-08,2020-12-14,1,1620,2,1368,42767,3485.68,3.0
47900,2020-12-08,2020-12-14,2,475,2,1368,42927,91.0,2.0
47901,2020-12-08,2020-12-16,3,1495,15,1311,42990,353.0,2.0
47902,2020-12-08,2020-12-17,1,313,5,1758,42792,479.82,3.0
47903,2020-12-08,2020-12-14,2,2709,6,1509,43008,389.0,2.0
47904,2020-12-08,2020-12-11,2,2841,7,1080,42756,638.66,3.0
47905,2020-12-08,2020-12-12,1,1434,9,2988,42903,269.0,2.0
47906,2020-12-08,2020-12-14,2,2624,9,2212,42977,111.0,3.0
47907,2020-12-08,2020-12-14,2,2779,10,2557,42939,2915.0,2.0
47908,2020-12-08,2020-12-17,2,1531,11,2580,42864,199.0,2.0
47909,2020-12-08,2020-12-17,2,2818,18,3859,43002,414.0,3.0
47910,2020-12-08,2020-12-14,2,131,22,3071,42899,199.0,1.0
47911,2020-12-08,2020-12-17,2,131,23,3537,42989,413.0,2.0
47912,2020-12-08,2020-12-12,2,156,23,3537,42821,653.62,2.0
47913,2020-12-08,2020-12-14,3,3388,23,3054,42895,515.0,3.0
47914,2020-12-08,2020-12-17,2,1475,25,3478,42778,2807.64,2.0
47915,2020-12-08,2020-12-16,2,1846,25,3599,42920,789.0,2.0
47916,2020-12-08,2020-12-14,1,1277,31,3043,42941,2971.0,2.0
47925,2020-12-09,2020-12-12,2,2849,1,1056,42954,2554.0,3.0
47926,2020-12-09,2020-12-13,2,1478,14,1978,42810,1282.82,2.0
47927,2020-12-09,2020-12-15,2,2849,14,1931,43040,757.0,2.0
47928,2020-12-09,2020-12-18,2,1192,2,1079,42965,2281.0,2.0
47929,2020-12-09,2020-12-17,2,1245,2,1960,42816,1254.88,2.0
47930,2020-12-09,2020-12-18,3,2816,4,1333,42909,1500.0,3.0
47931,2020-12-09,2020-12-12,2,3390,7,1975,42876,560.0,3.0
47932,2020-12-09,2020-12-18,2,2269,7,1369,42896,515.0,2.0
47933,2020-12-09,2020-12-13,2,1172,7,1353,43011,387.0,2.0
47934,2020-12-09,2020-12-15,2,3390,8,1677,42958,3763.0,2.0
47935,2020-12-09,2020-12-18,1,439,8,2630,42883,498.0,2.0
47936,2020-12-09,2020-12-17,2,3034,10,2779,43017,358.0,2.0
47937,2020-12-09,2020-12-18,1,3348,17,3619,42827,512.38,3.0
47938,2020-12-09,2020-12-15,2,126,19,3250,42845,823.24,2.0
47939,2020-12-09,2020-12-15,1,1544,20,3186,43004,373.0,1.0
47940,2020-12-09,2020-12-12,2,185,22,3576,42880,560.0,3.0
47941,2020-12-09,2020-12-18,2,1544,23,3876,42799,1536.04,2.0
47942,2020-12-09,2020-12-13,2,2699,22,3643,42922,741.0,2.0
47943,2020-12-09,2020-12-15,2,185,23,3346,42962,2241.0,2.0
47944,2020-12-09,2020-12-18,2,2660,24,3751,42887,498.0,2.0
47945,2020-12-09,2020-12-18,2,165,27,3504,42835,818.84,3.0
47946,2020-12-09,2020-12-15,2,138,31,3205,42922,741.0,1.0
47956,2020-12-10,2020-12-19,1,2035,1,1284,42986,354.0,2.0
47957,2020-12-10,2020-12-14,2,110,1,1725,42911,1789.0,2.0
47958,2020-12-10,2020-12-16,2,2712,1,1674,42892,515.0,3.0
47959,2020-12-10,2020-12-19,1,1440,14,1428,42775,3206.06,2.0
47960,2020-12-10,2020-12-18,1,2854,14,1291,42917,1351.35,2.0
47961,2020-12-10,2020-12-16,2,2293,4,1574,42938,2679.0,2.0
47962,2020-12-10,2020-12-16,2,1838,6,1361,42814,369.82,1.0
47963,2020-12-10,2020-12-19,2,1760,7,1055,42997,485.0,2.0
47964,2020-12-10,2020-12-16,2,1990,7,1075,42907,456.0,3.0
47965,2020-12-10,2020-12-16,2,2318,7,1080,42869,199.0,2.0
47966,2020-12-10,2020-12-19,2,1001,7,1529,42984,258.0,2.0
47967,2020-12-10,2020-12-18,1,1929,9,2988,42928,123.0,2.0
47968,2020-12-10,2020-12-16,2,140,17,3111,42856,481.0,2.0
47969,2020-12-10,2020-12-16,2,1631,19,3365,43015,483.0,1.0
47970,2020-12-10,2020-12-13,1,1602,20,3752,42984,258.0,3.0
47971,2020-12-10,2020-12-19,2,1630,21,3339,42911,1789.0,2.0
47972,2020-12-10,2020-12-14,2,3156,21,3303,43026,530.0,2.0
47973,2020-12-10,2020-12-16,2,463,21,3766,42817,813.12,3.0
47974,2020-12-10,2020-12-16,2,1602,22,3622,42771,2554.2,2.0
47975,2020-12-10,2020-12-19,2,2972,22,3979,42894,515.0,2.0
47976,2020-12-10,2020-12-19,2,1558,26,3975,42935,2456.0,3.0
47977,2020-12-10,2020-12-16,2,1580,27,3929,42759,1800.48,2.0
47978,2020-12-10,2020-12-16,2,947,29,3022,42926,79.0,1.0
47979,2020-12-10,2020-12-13,2,366,31,3613,42895,515.0,3.0
47987,2020-12-11,2020-12-20,1,131,13,1674,42788,421.96,2.0
47988,2020-12-11,2020-12-15,2,156,13,1968,42911,1789.0,2.0
47989,2020-12-11,2020-12-17,2,3388,13,1516,42985,1456.0,3.0
47990,2020-12-11,2020-12-17,1,2083,1,1056,43040,757.0,2.0
47991,2020-12-11,2020-12-20,2,1475,1,1056,42872,560.0,2.0
47992,2020-12-11,2020-12-19,2,1846,14,1076,43006,519.0,2.0
47993,2020-12-11,2020-12-17,2,1277,3,1976,43027,461.0,2.0
47994,2020-12-11,2020-12-17,2,38,4,1360,42903,269.0,1.0
47995,2020-12-11,2020-12-14,2,264,6,1725,42872,560.0,3.0
47996,2020-12-11,2020-12-20,2,38,6,1969,42989,413.0,2.0
47997,2020-12-11,2020-12-15,2,3026,16,1673,42914,1489.0,2.0
47998,2020-12-11,2020-12-17,2,737,16,1922,42988,598.0,3.0
47999,2020-12-11,2020-12-17,2,264,7,1975,42950,2603.0,2.0
48000,2020-12-11,2020-12-19,2,1317,7,1353,43013,354.0,2.0
48001,2020-12-11,2020-12-20,2,1786,11,2097,43013,354.0,3.0
48002,2020-12-11,2020-12-17,2,1710,12,2786,42938,2679.0,2.0
48003,2020-12-11,2020-12-17,1,1089,17,3558,42814,369.82,1.0
48004,2020-12-11,2020-12-14,2,1614,19,3195,42775,3206.06,3.0
48005,2020-12-11,2020-12-20,2,1070,20,3874,42993,507.0,2.0
48006,2020-12-11,2020-12-17,1,1209,20,3186,42903,269.0,3.0
48007,2020-12-11,2020-12-17,2,1614,21,3099,42865,199.0,2.0
48008,2020-12-11,2020-12-20,2,3309,21,3363,42980,114.0,2.0
48009,2020-12-11,2020-12-19,2,8,22,3643,42924,625.0,2.0
48010,2020-12-11,2020-12-20,2,984,25,3905,42924,625.0,3.0
48011,2020-12-11,2020-12-17,2,1253,26,3193,42849,1542.0,2.0
48012,2020-12-11,2020-12-17,2,2839,27,3929,43008,389.0,1.0
48013,2020-12-11,2020-12-20,2,2710,30,3429,42908,1478.0,2.0
48014,2020-12-11,2020-12-15,2,1107,31,3205,42833,819.06,2.0
48015,2020-12-11,2020-12-17,1,1310,30,3249,42814,369.82,3.0
48018,2020-12-12,2020-12-17,3,2782,13,1657,42989,413.0,3.0
48019,2020-12-12,2020-12-22,2,3070,13,1330,42912,1654.0,2.0
48020,2020-12-12,2020-12-16,2,441,1,1675,42817,813.12,2.0
48021,2020-12-12,2020-12-22,1,3027,14,1978,43034,1004.0,3.0
48022,2020-12-12,2020-12-19,2,2014,2,1676,42866,199.0,2.0
48023,2020-12-12,2020-12-15,2,2190,3,1292,42919,654.0,2.0
48024,2020-12-12,2020-12-21,2,1402,3,1976,42825,554.18,3.0
48025,2020-12-12,2020-12-13,2,2650,3,1815,42903,269.0,2.0
48026,2020-12-12,2020-12-21,2,3250,4,1293,42831,369.6,1.0
48027,2020-12-12,2020-12-14,2,585,5,1169,43007,407.0,2.0
48028,2020-12-12,2020-12-16,2,1644,5,1310,42787,1366.42,3.0
48029,2020-12-12,2020-12-21,2,1556,6,1969,42757,1784.42,2.0
48030,2020-12-12,2020-12-22,2,197,16,1518,42909,1500.0,2.0
48031,2020-12-12,2020-12-16,2,748,7,1299,42814,369.82,2.0
48032,2020-12-12,2020-12-22,2,2148,8,2731,43031,1191.0,3.0
48033,2020-12-12,2020-12-19,3,1679,9,2486,42762,2106.06,2.0
48034,2020-12-12,2020-12-15,1,1341,11,2532,42823,904.42,2.0
48035,2020-12-12,2020-12-21,2,297,12,2427,43012,510.0,3.0
48036,2020-12-12,2020-12-21,2,428,18,3859,42831,369.6,1.0
48037,2020-12-12,2020-12-14,2,1377,18,3859,42914,1489.0,2.0
48038,2020-12-12,2020-12-16,1,2664,18,3421,42985,1456.0,3.0
48039,2020-12-12,2020-12-21,2,870,19,3195,42955,2366.0,2.0
48040,2020-12-12,2020-12-17,2,630,20,3082,42889,515.0,3.0
48041,2020-12-12,2020-12-22,2,1106,20,3752,42812,376.64,2.0
48043,2020-12-12,2020-12-22,2,1134,23,3166,42934,1789.0,3.0
48044,2020-12-12,2020-12-19,2,45,23,3346,42956,2093.0,2.0
48045,2020-12-12,2020-12-15,1,24,25,3599,43009,563.0,2.0
48046,2020-12-12,2020-12-21,2,2764,26,3032,42915,1765.0,3.0
48047,2020-12-12,2020-12-13,2,995,26,3875,42795,543.18,2.0
48048,2020-12-12,2020-12-21,2,738,27,3667,43014,502.0,1.0
48049,2020-12-12,2020-12-14,1,532,29,3578,42814,369.82,2.0
48050,2020-12-12,2020-12-16,2,3263,29,3076,42885,498.0,3.0
48051,2020-12-12,2020-12-17,2,1219,31,3043,42785,1597.42,3.0
48052,2020-12-12,2020-12-22,2,112,30,3249,42999,547.0,2.0
48081,2020-12-14,2020-12-18,2,934,13,1658,42878,560.0,2.0
48082,2020-12-14,2020-12-24,2,1914,1,1675,42812,376.64,3.0
48083,2020-12-14,2020-12-21,2,490,14,1428,42927,91.0,2.0
48084,2020-12-14,2020-12-17,3,1592,15,1923,42980,114.0,2.0
48085,2020-12-14,2020-12-23,3,1494,15,1656,42886,498.0,3.0
48086,2020-12-14,2020-12-23,3,2213,4,1933,42988,598.0,1.0
48087,2020-12-14,2020-12-16,2,1516,4,1333,42780,4028.86,2.0
48088,2020-12-14,2020-12-23,3,1169,4,1510,43023,643.0,2.0
48089,2020-12-14,2020-12-19,2,163,6,1969,42759,1800.48,3.0
48090,2020-12-14,2020-12-24,2,969,6,1967,42973,123.0,2.0
48091,2020-12-14,2020-12-18,2,1616,16,1352,42777,2557.5,2.0
48092,2020-12-14,2020-12-24,2,1852,7,1299,42812,376.64,3.0
48093,2020-12-14,2020-12-21,2,760,7,1080,42834,818.84,2.0
48094,2020-12-14,2020-12-17,2,1092,10,2411,42887,498.0,2.0
48095,2020-12-14,2020-12-23,2,2947,11,2467,42785,1597.42,3.0
48096,2020-12-14,2020-12-23,2,352,17,3728,42895,515.0,1.0
48097,2020-12-14,2020-12-16,1,902,17,3728,42978,112.0,2.0
48098,2020-12-14,2020-12-23,3,288,17,3681,42930,156.0,2.0
48099,2020-12-14,2020-12-19,2,710,19,3195,42957,2789.0,3.0
48100,2020-12-14,2020-12-24,2,555,19,3481,42880,560.0,2.0
48101,2020-12-14,2020-12-24,2,1330,22,3071,43006,519.0,3.0
48102,2020-12-14,2020-12-21,2,775,22,3979,43028,942.0,2.0
48103,2020-12-14,2020-12-17,2,1522,24,3433,42790,762.96,2.0
48104,2020-12-14,2020-12-15,2,1479,26,3455,42878,560.0,2.0
48105,2020-12-14,2020-12-23,2,1845,26,3875,42798,1556.28,1.0
48106,2020-12-14,2020-12-16,2,2618,26,3875,42889,515.0,2.0
48107,2020-12-14,2020-12-23,2,2999,27,3796,42934,1789.0,2.0
48108,2020-12-14,2020-12-19,2,31,29,3561,42868,199.0,3.0
48112,2020-12-15,2020-12-24,2,907,2,1908,42991,438.0,2.0
48113,2020-12-15,2020-12-16,2,2741,4,1556,42756,638.66,1.0
48114,2020-12-15,2020-12-19,2,701,4,1574,42986,354.0,1.0
48115,2020-12-15,2020-12-24,1,1167,10,2762,42925,3.0,2.0
48116,2020-12-15,2020-12-17,3,644,10,2411,43021,435.0,2.0
48117,2020-12-15,2020-12-17,2,1232,24,3433,42962,2241.0,2.0
48118,2020-12-15,2020-12-16,1,617,27,3929,43011,387.0,1.0
48119,2020-12-16,2020-12-25,2,557,14,1152,42867,199.0,2.0
48120,2020-12-16,2020-12-18,2,181,2,1961,42963,2355.0,2.0
48121,2020-12-16,2020-12-17,1,3349,3,1950,42919,654.0,1.0
48122,2020-12-16,2020-12-20,2,1451,3,1168,42858,505.0,1.0
48123,2020-12-16,2020-12-25,2,1083,8,2024,42789,218.02,2.0
48124,2020-12-16,2020-12-18,2,718,9,2768,42893,515.0,2.0
48125,2020-12-16,2020-12-17,3,161,12,2614,42942,2749.0,1.0
48126,2020-12-16,2020-12-20,2,2964,12,2614,42780,4028.86,1.0
48127,2020-12-16,2020-12-25,2,2716,23,3166,43010,387.0,2.0
48128,2020-12-16,2020-12-18,2,478,23,3603,42823,904.42,2.0
48129,2020-12-16,2020-12-17,2,709,26,3812,42872,560.0,1.0
48135,2020-12-17,2020-12-19,1,649,14,1531,42824,584.76,2.0
48136,2020-12-17,2020-12-18,2,2205,3,1724,42873,560.0,1.0
48137,2020-12-17,2020-12-21,2,2687,15,1907,43002,414.0,1.0
48138,2020-12-17,2020-12-26,2,2974,7,1054,42848,1588.0,2.0
48140,2020-12-17,2020-12-18,2,541,11,2059,42795,543.18,1.0
48141,2020-12-17,2020-12-26,2,3270,22,3842,42875,560.0,2.0
48142,2020-12-17,2020-12-18,2,919,25,3622,43024,508.0,1.0
48143,2020-12-17,2020-12-21,2,115,25,3728,42963,2355.0,1.0
48149,2020-12-18,2020-12-20,2,1232,1,1517,42883,498.0,2.0
48150,2020-12-18,2020-12-19,1,617,2,1368,42932,156.0,1.0
48151,2020-12-18,2020-12-20,2,1080,16,1302,42821,653.62,2.0
48152,2020-12-18,2020-12-19,2,1203,10,2557,42963,2355.0,1.0
48153,2020-12-18,2020-12-20,2,2932,21,3849,42852,152.0,2.0
48154,2020-12-18,2020-12-19,2,408,24,3595,42901,196.0,1.0
48155,2020-12-18,2020-12-22,2,1065,25,3478,42840,353.32,1.0
48156,2020-12-19,2020-12-21,2,478,13,1674,43043,1159.0,2.0
48157,2020-12-19,2020-12-20,2,709,14,1932,42801,2802.8,1.0
48158,2020-12-19,2020-12-23,1,2055,2,1079,43031,1191.0,1.0
48159,2020-12-19,2020-12-28,2,2094,6,1967,42970,3001.0,2.0
48161,2020-12-19,2020-12-20,2,1867,8,1677,43022,422.0,1.0
48162,2020-12-19,2020-12-23,2,1282,8,2630,42961,2867.0,1.0
48163,2020-12-19,2020-12-28,1,1284,20,3141,42900,245.0,2.0
48164,2020-12-19,2020-12-21,2,3360,19,3496,42903,269.0,2.0
48165,2020-12-19,2020-12-20,1,2849,23,3708,42952,3978.0,1.0
48166,2020-12-19,2020-12-23,1,1698,24,3751,42984,258.0,1.0
48167,2020-12-19,2020-12-28,2,1636,30,3864,42830,486.42,2.0
48168,2020-12-19,2020-12-21,1,1780,30,3734,42926,79.0,2.0
48172,2020-12-21,2020-12-27,2,2695,6,1426,42977,111.0,1.0
48173,2020-12-21,2020-12-27,1,1574,31,3613,42956,2093.0,1.0
48174,2020-12-22,2020-12-28,2,3308,5,1310,42871,560.0,1.0
48175,2020-12-22,2020-12-28,2,1388,19,3195,42905,456.0,1.0
48176,2020-12-22,2020-12-28,2,273,29,3561,42846,2846.58,1.0
48177,2020-12-23,2020-12-29,2,2186,4,1574,42737,1658.0,1.0
48178,2020-12-23,2020-12-29,2,1178,17,3681,42985,1456.0,1.0
48179,2020-12-23,2020-12-29,2,1692,27,3796,43019,413.0,1.0
48180,2020-12-24,2020-12-30,2,1574,3,1976,42934,1789.0,1.0
48181,2020-12-24,2020-12-30,2,887,12,2786,42875,560.0,1.0
48182,2020-12-24,2020-12-30,1,1196,26,3193,42816,1254.88,1.0
48183,2020-12-25,2020-12-31,1,273,15,1907,42824,584.76,1.0
48184,2020-12-25,2020-12-31,3,1017,11,2063,42757,1784.42,1.0
48185,2020-12-25,2020-12-31,2,2987,25,3916,42989,413.0,1.0
48186,2020-12-26,2020-12-31,2,1147,14,1530,42917,1351.35,2.0
48187,2020-12-26,2020-12-31,1,765,2,1676,42853,727.0,2.0
48188,2020-12-26,2020-12-31,2,1351,4,1301,42920,789.0,1.0
48189,2020-12-26,2020-12-27,2,1632,6,1967,43007,407.0,2.0
48190,2020-12-26,2020-12-31,2,1714,8,2731,42848,1588.0,2.0
48192,2020-12-26,2020-12-31,1,2809,17,3172,42851,137.0,1.0
48193,2020-12-26,2020-12-27,2,828,19,3481,42938,2679.0,2.0
48194,2020-12-26,2020-12-31,3,154,23,3166,42771,2554.2,2.0
48195,2020-12-26,2021-01-03,1,982,25,3110,42788,421.96,3.0
48196,2020-12-26,2020-12-27,2,2737,29,3836,42872,560.0,2.0
48201,2020-12-28,2021-01-02,2,1515,14,1154,42772,6569.86,2.0
48202,2020-12-28,2021-01-02,2,436,14,1428,42999,547.0,2.0
48203,2020-12-28,2020-12-29,2,112,5,1572,42873,560.0,2.0
48204,2020-12-28,2021-01-02,1,1458,7,1696,42997,485.0,2.0
48206,2020-12-28,2021-01-05,2,2222,10,2120,43010,387.0,3.0
48207,2020-12-28,2021-01-02,2,3379,11,2337,42996,518.0,1.0
48208,2020-12-28,2020-12-29,2,2635,18,3502,42792,479.82,2.0
48209,2020-12-28,2021-01-02,2,2899,22,3622,42864,199.0,2.0
48210,2020-12-28,2021-01-05,3,588,24,3603,42941,2971.0,3.0
48211,2020-12-28,2021-01-02,2,177,26,3193,43020,562.0,1.0
48212,2020-12-28,2020-12-29,2,3374,27,3504,43014,502.0,2.0
48216,2020-12-29,2021-01-02,2,1742,13,1078,42960,4125.0,3.0
48217,2020-12-29,2021-01-01,2,1793,1,1725,42764,1385.78,2.0
48218,2020-12-29,2021-01-01,2,3333,14,1152,42767,3485.68,1.0
48219,2020-12-29,2021-01-05,2,209,3,1168,42791,258.28,2.0
48221,2020-12-29,2021-01-01,1,2906,7,1759,42985,1456.0,2.0
48223,2020-12-29,2021-01-05,2,1132,12,2786,43012,510.0,2.0
48224,2020-12-29,2021-01-01,1,1513,23,3603,43019,413.0,1.0
48225,2020-12-29,2021-01-05,2,135,26,3193,42950,2603.0,2.0
48226,2020-12-29,2021-01-02,2,1712,31,3032,42925,3.0,3.0
48231,2020-12-30,2021-01-06,2,1102,15,1907,42954,2554.0,2.0
48232,2020-12-30,2021-01-03,2,2556,6,1967,42754,1237.5,3.0
48233,2020-12-30,2021-01-02,2,3339,16,1673,42857,542.0,2.0
48234,2020-12-30,2021-01-02,2,1588,8,1370,42953,3620.0,1.0
48235,2020-12-30,2021-01-06,2,562,11,2063,42884,498.0,2.0
48236,2020-12-30,2021-01-03,2,1323,20,3663,42777,2557.5,3.0
48237,2020-12-30,2021-01-02,1,1368,20,3186,42880,560.0,2.0
48238,2020-12-30,2021-01-02,2,354,23,3504,42883,498.0,1.0
48239,2020-12-30,2021-01-06,2,2400,25,3622,42814,369.82,2.0
48240,2020-12-30,2021-01-03,2,1803,30,3864,42998,529.0,3.0
48241,2020-12-30,2021-01-02,2,226,31,3205,42810,1282.82,2.0
